{
  "M": {
    "mTB": 73.7,
    "mRM": 1.120,
    "mLIVER": 1.91,
    "mSPLEEN": 0.183,
    "mKIDNEYS": 0.299,
    "bloodVol": 4800,
    "S": {
      "SRM_RM": 0.0428,
      "SRM_TB": 0.000961,
      "SRM_L": 0.0000882,
      "SRM_S": 0.0000893,
      "SRM_K": 0.000171,
      "SK_K": 0.289,
      "SS_S": 0.472
    }
  },
  "F": {
    "mTB": 56.9,
    "mRM": 1.300,
    "mLIVER": 1.4,
    "mSPLEEN": 0.15,
    "mKIDNEYS": 0.275,
    "bloodVol": 2900,
    "S": {
      "SRM_RM": 0.0378,
      "SRM_TB": 0.00119,
      "SRM_L": 0.0000986,
      "SRM_S": 0.000105,
      "SRM_K": 0.000203,
      "SK_K": 0.314,
      "SS_S": 0.576
    }
  }
}
